{
  "mode": "PAPER_ONLY",
  "live_trade": "BLOCKED",
  "starting_capital_krw": 100000000,
  "equity_krw": 96976529.66462654,
  "cash_krw": 0.0,
  "open_positions_value_krw": 103543982.10968979,
  "open_positions_count": 3,
  "cumulative_return_pct": -3.023470335373457,
  "max_drawdown_pct": 3.023470335373457,
  "total_trades": 2,
  "updated_ts": "2026-06-12T00:18:44.340723+00:00"
}