{
  "mode": "PAPER_ONLY",
  "live_trade": "BLOCKED",
  "starting_capital_krw": 100000000,
  "equity_krw": 99238238.35266401,
  "cash_krw": 0.0,
  "open_positions_value_krw": 100593006.38384496,
  "open_positions_count": 3,
  "cumulative_return_pct": -0.76176164733599,
  "max_drawdown_pct": 3.023470335373457,
  "total_trades": 3,
  "updated_ts": "2026-06-12T08:25:46.616072+00:00"
}