{
  "equity_curve": [
    1.0,
    0.9697652966462654,
    0.9697652966462654,
    0.9923823835266401
  ],
  "cumulative_return_pct": -0.76176164733599,
  "max_drawdown_pct": 3.023470335373457,
  "win_rate_pct": 33.33333333333333,
  "total_trades": 3,
  "wins": 1,
  "updated_ts": "2026-06-12T10:50:10.937187+00:00"
}