{
  "equity_curve": [
    1.0,
    0.9697652966462654
  ],
  "cumulative_return_pct": -3.023470335373457,
  "max_drawdown_pct": 3.023470335373457,
  "win_rate_pct": 0.0,
  "total_trades": 1,
  "wins": 0,
  "updated_ts": "2026-06-10T23:45:12.325264+00:00"
}